metric,value
r2,0.01645007170352797
mse,0.19344403739911292
