Household_Income,mean,count
2,0.2990074441687345,806
3,0.28183361629881154,1178
4,0.2607929515418502,1135
5,0.23822222222222222,2250
