Education_Level,mean,count
1,0.30612244897959184,392
2,0.2822164948453608,1552
3,0.2472992700729927,3425
